Track,TestCase,Matcher,Label Left,Comment Left,Type Left,URI Left,Relation,Confidence (Matcher),URI Right,Label Right,Comment Right,Type Right,Residual True Positive,Evaluation Result
dhmultiling,idai-pactols_de-fr,matcha_new.tar.gz,[],[],"[""skos:Concept""]",http://thesauri.dainst.org/_5b640e14,=,0.8521065419707655,https://ark.frantiq.fr/ark:/26678/pcrt9WXX2cWeOQ,[],[],"[""skos:Concept""]",false,false positive
dhmultiling,idai-pactols_de-fr,matcha_new.tar.gz,[],[],"[""skos:Concept""]",http://thesauri.dainst.org/_68e1bd31,=,0.0,https://ark.frantiq.fr/ark:/26678/pcrt1FD59O4eTz,[],[],"[""skos:Concept""]",true,false negative
dhmultiling,idai-pactols_de-fr,matcha_new.tar.gz,[],[],"[""skos:Concept""]",http://thesauri.dainst.org/_3ec72d64,=,0.0,https://ark.frantiq.fr/ark:/26678/pcrt7UXeYrS8Nb,[],[],"[""skos:Concept""]",true,false negative
dhmultiling,idai-pactols_de-fr,matcha_new.tar.gz,[],[],"[""skos:Concept""]",http://thesauri.dainst.org/_4688b7a6,=,0.0,https://ark.frantiq.fr/ark:/26678/pcrtF9P4mbuyGk,[],[],"[""skos:Concept""]",true,false negative
dhmultiling,idai-pactols_de-fr,matcha_new.tar.gz,[],[],"[""skos:Concept""]",http://thesauri.dainst.org/_a9e10cab,=,0.0,https://ark.frantiq.fr/ark:/26678/pcrtp5Wcpmp9I3,[],[],"[""skos:Concept""]",true,false negative
dhmultiling,idai-pactols_de-fr,matcha_new.tar.gz,[],[],"[""skos:Concept""]",http://thesauri.dainst.org/_2c06eae5,=,0.0,https://ark.frantiq.fr/ark:/26678/pcrtJUwAaZ7Nz9,[],[],"[""skos:Concept""]",true,false negative
dhmultiling,idai-pactols_de-fr,matcha_new.tar.gz,[],[],"[""skos:Concept""]",http://thesauri.dainst.org/_8b38cf01,=,0.0,https://ark.frantiq.fr/ark:/26678/pcrt0Krn6QJlhU,[],[],"[""skos:Concept""]",true,false negative
dhmultiling,idai-pactols_de-fr,matcha_new.tar.gz,[],[],"[""skos:Concept""]",http://thesauri.dainst.org/_b02158bd,=,0.0,https://ark.frantiq.fr/ark:/26678/pcrtJUwAaZ7Nz9,[],[],"[""skos:Concept""]",true,false negative
dhmultiling,idai-pactols_de-fr,matcha_new.tar.gz,[],[],"[""skos:Concept""]",http://thesauri.dainst.org/_d3b9f438,=,0.0,https://ark.frantiq.fr/ark:/26678/pcrtKZYwYOkWlK,[],[],"[""skos:Concept""]",true,false negative
dhmultiling,idai-pactols_de-fr,matcha_new.tar.gz,[],[],"[""skos:Concept""]",http://thesauri.dainst.org/_d321ff61,=,0.8795895132238974,https://ark.frantiq.fr/ark:/26678/pcrtgWbicZTgZe,[],[],"[""skos:Concept""]",true,true positive
dhmultiling,idai-pactols_de-fr,matcha_new.tar.gz,[],[],"[""skos:Concept""]",http://thesauri.dainst.org/_f09b41b4,=,1.0,https://ark.frantiq.fr/ark:/26678/pcrt0Krn6QJlhU,[],[],"[""skos:Concept""]",true,true positive
dhmultiling,idai-pactols_de-fr,matcha_new.tar.gz,[],[],"[""skos:Concept""]",http://thesauri.dainst.org/_8b38cf01,=,0.8220132300391265,https://ark.frantiq.fr/ark:/26678/pcrtjMFrjr1utW,[],[],"[""skos:Concept""]",false,false positive
dhmultiling,idai-pactols_de-fr,matcha_new.tar.gz,[],[],"[""skos:Concept""]",http://thesauri.dainst.org/_8dbb15bf,=,1.0,https://ark.frantiq.fr/ark:/26678/pcrtNU9yWjKe6U,[],[],"[""skos:Concept""]",false,false positive
dhmultiling,idai-pactols_de-fr,matcha_new.tar.gz,[],[],"[""skos:Concept""]",http://thesauri.dainst.org/_bd4d65a8,=,0.0,https://ark.frantiq.fr/ark:/26678/pcrtgWbicZTgZe,[],[],"[""skos:Concept""]",true,false negative
dhmultiling,idai-pactols_de-fr,matcha_new.tar.gz,[],[],"[""skos:Concept""]",http://thesauri.dainst.org/_a1f36e1b,=,0.8575487077735052,https://ark.frantiq.fr/ark:/26678/pcrt7UXeYrS8Nb,[],[],"[""skos:Concept""]",false,false positive
dhmultiling,idai-pactols_de-fr,matcha_new.tar.gz,[],[],"[""skos:Concept""]",http://thesauri.dainst.org/_dafb0ad8,=,0.0,https://ark.frantiq.fr/ark:/26678/pcrtfOjLfceAZ0,[],[],"[""skos:Concept""]",true,false negative
dhmultiling,idai-pactols_de-fr,matcha_new.tar.gz,[],[],"[""skos:Concept""]",http://thesauri.dainst.org/_c40b4a1d,=,0.0,https://ark.frantiq.fr/ark:/26678/pcrtrMvNrtSOHs,[],[],"[""skos:Concept""]",true,false negative
dhmultiling,idai-pactols_de-fr,matcha_new.tar.gz,[],[],"[""skos:Concept""]",http://thesauri.dainst.org/_49517e78,=,0.0,https://ark.frantiq.fr/ark:/26678/pcrt36pke8yWxW,[],[],"[""skos:Concept""]",true,false negative
dhmultiling,idai-pactols_de-fr,matcha_new.tar.gz,[],[],"[""skos:Concept""]",http://thesauri.dainst.org/_1adf0150,=,0.0,https://ark.frantiq.fr/ark:/26678/pcrtpbgzj4c0da,[],[],"[""skos:Concept""]",true,false negative
dhmultiling,idai-pactols_de-fr,matcha_new.tar.gz,[],[],"[""skos:Concept""]",http://thesauri.dainst.org/_af2f2dad,=,0.0,https://ark.frantiq.fr/ark:/26678/pcrtVgXu5JJGUg,[],[],"[""skos:Concept""]",true,false negative
dhmultiling,idai-pactols_de-fr,matcha_new.tar.gz,[],[],"[""skos:Concept""]",http://thesauri.dainst.org/_49462e56,=,0.0,https://ark.frantiq.fr/ark:/26678/pcrtVmQTWhdSkJ,[],[],"[""skos:Concept""]",true,false negative
dhmultiling,idai-pactols_en-it,matcha_new.tar.gz,[],[],"[""skos:Concept""]",http://thesauri.dainst.org/_7a0e2266,=,0.8119730720099191,https://ark.frantiq.fr/ark:/26678/pcrtQY3u48DUrQ,[],[],"[""skos:Concept""]",false,false positive
dhmultiling,idai-pactols_en-it,matcha_new.tar.gz,[],[],"[""skos:Concept""]",http://thesauri.dainst.org/_bd4d65a8,=,0.0,https://ark.frantiq.fr/ark:/26678/pcrtgWbicZTgZe,[],[],"[""skos:Concept""]",true,false negative
dhmultiling,idai-pactols_en-it,matcha_new.tar.gz,[],[],"[""skos:Concept""]",http://thesauri.dainst.org/_4688b7a6,=,0.0,https://ark.frantiq.fr/ark:/26678/pcrtF9P4mbuyGk,[],[],"[""skos:Concept""]",true,false negative
dhmultiling,idai-pactols_en-it,matcha_new.tar.gz,[],[],"[""skos:Concept""]",http://thesauri.dainst.org/_c40b4a1d,=,0.0,https://ark.frantiq.fr/ark:/26678/pcrtrMvNrtSOHs,[],[],"[""skos:Concept""]",true,false negative
dhmultiling,idai-pactols_en-it,matcha_new.tar.gz,[],[],"[""skos:Concept""]",http://thesauri.dainst.org/_8b38cf01,=,1.0,https://ark.frantiq.fr/ark:/26678/pcrt0Krn6QJlhU,[],[],"[""skos:Concept""]",true,true positive
dhmultiling,idai-pactols_en-it,matcha_new.tar.gz,[],[],"[""skos:Concept""]",http://thesauri.dainst.org/_2c06eae5,=,0.0,https://ark.frantiq.fr/ark:/26678/pcrtJUwAaZ7Nz9,[],[],"[""skos:Concept""]",true,false negative
dhmultiling,idai-pactols_en-it,matcha_new.tar.gz,[],[],"[""skos:Concept""]",http://thesauri.dainst.org/_b02158bd,=,0.0,https://ark.frantiq.fr/ark:/26678/pcrtJUwAaZ7Nz9,[],[],"[""skos:Concept""]",true,false negative
dhmultiling,idai-pactols_de-de,matcha_new.tar.gz,[],[],"[""skos:Concept""]",http://thesauri.dainst.org/_68e1bd31,=,0.0,https://ark.frantiq.fr/ark:/26678/pcrt1FD59O4eTz,[],[],"[""skos:Concept""]",true,false negative
dhmultiling,idai-pactols_de-de,matcha_new.tar.gz,[],[],"[""skos:Concept""]",http://thesauri.dainst.org/_3ec72d64,=,0.0,https://ark.frantiq.fr/ark:/26678/pcrt7UXeYrS8Nb,[],[],"[""skos:Concept""]",true,false negative
dhmultiling,idai-pactols_de-de,matcha_new.tar.gz,[],[],"[""skos:Concept""]",http://thesauri.dainst.org/_4688b7a6,=,0.0,https://ark.frantiq.fr/ark:/26678/pcrtF9P4mbuyGk,[],[],"[""skos:Concept""]",true,false negative
dhmultiling,idai-pactols_de-de,matcha_new.tar.gz,[],[],"[""skos:Concept""]",http://thesauri.dainst.org/_a9e10cab,=,0.0,https://ark.frantiq.fr/ark:/26678/pcrtp5Wcpmp9I3,[],[],"[""skos:Concept""]",true,false negative
dhmultiling,idai-pactols_de-de,matcha_new.tar.gz,[],[],"[""skos:Concept""]",http://thesauri.dainst.org/_2c06eae5,=,0.0,https://ark.frantiq.fr/ark:/26678/pcrtJUwAaZ7Nz9,[],[],"[""skos:Concept""]",true,false negative
dhmultiling,idai-pactols_de-de,matcha_new.tar.gz,[],[],"[""skos:Concept""]",http://thesauri.dainst.org/_8b38cf01,=,0.0,https://ark.frantiq.fr/ark:/26678/pcrt0Krn6QJlhU,[],[],"[""skos:Concept""]",true,false negative
dhmultiling,idai-pactols_de-de,matcha_new.tar.gz,[],[],"[""skos:Concept""]",http://thesauri.dainst.org/_b02158bd,=,0.0,https://ark.frantiq.fr/ark:/26678/pcrtJUwAaZ7Nz9,[],[],"[""skos:Concept""]",true,false negative
dhmultiling,idai-pactols_de-de,matcha_new.tar.gz,[],[],"[""skos:Concept""]",http://thesauri.dainst.org/_d3b9f438,=,0.8835999999999999,https://ark.frantiq.fr/ark:/26678/pcrtKZYwYOkWlK,[],[],"[""skos:Concept""]",true,true positive
dhmultiling,idai-pactols_de-de,matcha_new.tar.gz,[],[],"[""skos:Concept""]",http://thesauri.dainst.org/_d321ff61,=,0.0,https://ark.frantiq.fr/ark:/26678/pcrtgWbicZTgZe,[],[],"[""skos:Concept""]",true,false negative
dhmultiling,idai-pactols_de-de,matcha_new.tar.gz,[],[],"[""skos:Concept""]",http://thesauri.dainst.org/_f09b41b4,=,0.8835999999999999,https://ark.frantiq.fr/ark:/26678/pcrt0Krn6QJlhU,[],[],"[""skos:Concept""]",true,true positive
dhmultiling,idai-pactols_de-de,matcha_new.tar.gz,[],[],"[""skos:Concept""]",http://thesauri.dainst.org/_bd4d65a8,=,0.0,https://ark.frantiq.fr/ark:/26678/pcrtgWbicZTgZe,[],[],"[""skos:Concept""]",true,false negative
dhmultiling,idai-pactols_de-de,matcha_new.tar.gz,[],[],"[""skos:Concept""]",http://thesauri.dainst.org/_dafb0ad8,=,0.0,https://ark.frantiq.fr/ark:/26678/pcrtfOjLfceAZ0,[],[],"[""skos:Concept""]",true,false negative
dhmultiling,idai-pactols_de-de,matcha_new.tar.gz,[],[],"[""skos:Concept""]",http://thesauri.dainst.org/_c40b4a1d,=,0.0,https://ark.frantiq.fr/ark:/26678/pcrtrMvNrtSOHs,[],[],"[""skos:Concept""]",true,false negative
dhmultiling,idai-pactols_de-de,matcha_new.tar.gz,[],[],"[""skos:Concept""]",http://thesauri.dainst.org/_49517e78,=,0.0,https://ark.frantiq.fr/ark:/26678/pcrt36pke8yWxW,[],[],"[""skos:Concept""]",true,false negative
dhmultiling,idai-pactols_de-de,matcha_new.tar.gz,[],[],"[""skos:Concept""]",http://thesauri.dainst.org/_1adf0150,=,0.0,https://ark.frantiq.fr/ark:/26678/pcrtpbgzj4c0da,[],[],"[""skos:Concept""]",true,false negative
dhmultiling,idai-pactols_de-de,matcha_new.tar.gz,[],[],"[""skos:Concept""]",http://thesauri.dainst.org/_af2f2dad,=,0.0,https://ark.frantiq.fr/ark:/26678/pcrtVgXu5JJGUg,[],[],"[""skos:Concept""]",true,false negative
dhmultiling,idai-pactols_de-de,matcha_new.tar.gz,[],[],"[""skos:Concept""]",http://thesauri.dainst.org/_49462e56,=,0.0,https://ark.frantiq.fr/ark:/26678/pcrtVmQTWhdSkJ,[],[],"[""skos:Concept""]",true,false negative
dhmultiling,idai-pactols_fr-it,matcha_new.tar.gz,[],[],"[""skos:Concept""]",http://thesauri.dainst.org/_4688b7a6,=,0.0,https://ark.frantiq.fr/ark:/26678/pcrtF9P4mbuyGk,[],[],"[""skos:Concept""]",true,false negative
dhmultiling,idai-pactols_fr-it,matcha_new.tar.gz,[],[],"[""skos:Concept""]",http://thesauri.dainst.org/_c40b4a1d,=,0.0,https://ark.frantiq.fr/ark:/26678/pcrtrMvNrtSOHs,[],[],"[""skos:Concept""]",true,false negative
dhmultiling,idai-pactols_fr-it,matcha_new.tar.gz,[],[],"[""skos:Concept""]",http://thesauri.dainst.org/_2c06eae5,=,0.0,https://ark.frantiq.fr/ark:/26678/pcrtJUwAaZ7Nz9,[],[],"[""skos:Concept""]",true,false negative
dhmultiling,idai-pactols_fr-it,matcha_new.tar.gz,[],[],"[""skos:Concept""]",http://thesauri.dainst.org/_b02158bd,=,0.0,https://ark.frantiq.fr/ark:/26678/pcrtJUwAaZ7Nz9,[],[],"[""skos:Concept""]",true,false negative
dhmultiling,idai-pactols_fr-it,matcha_new.tar.gz,[],[],"[""skos:Concept""]",http://thesauri.dainst.org/_0a192a3d,=,0.763048053303745,https://ark.frantiq.fr/ark:/26678/pcrtkeLpJpVN4t,[],[],"[""skos:Concept""]",false,false positive
dhmultiling,idai-pactols_en-en,matcha_new.tar.gz,[],[],"[""skos:Concept""]",http://thesauri.dainst.org/_7020590d,=,0.8835999999999999,https://ark.frantiq.fr/ark:/26678/pcrt9PJh9aTXv4,[],[],"[""skos:Concept""]",false,false positive
dhmultiling,idai-pactols_en-en,matcha_new.tar.gz,[],[],"[""skos:Concept""]",http://thesauri.dainst.org/_bd4d65a8,=,0.0,https://ark.frantiq.fr/ark:/26678/pcrtgWbicZTgZe,[],[],"[""skos:Concept""]",true,false negative
dhmultiling,idai-pactols_en-en,matcha_new.tar.gz,[],[],"[""skos:Concept""]",http://thesauri.dainst.org/_4688b7a6,=,0.8835999999999999,https://ark.frantiq.fr/ark:/26678/pcrtF9P4mbuyGk,[],[],"[""skos:Concept""]",true,true positive
dhmultiling,idai-pactols_en-en,matcha_new.tar.gz,[],[],"[""skos:Concept""]",http://thesauri.dainst.org/_c40b4a1d,=,0.0,https://ark.frantiq.fr/ark:/26678/pcrtrMvNrtSOHs,[],[],"[""skos:Concept""]",true,false negative
dhmultiling,idai-pactols_en-en,matcha_new.tar.gz,[],[],"[""skos:Concept""]",http://thesauri.dainst.org/_8b38cf01,=,0.8835999999999999,https://ark.frantiq.fr/ark:/26678/pcrt0Krn6QJlhU,[],[],"[""skos:Concept""]",true,true positive
dhmultiling,idai-pactols_en-en,matcha_new.tar.gz,[],[],"[""skos:Concept""]",http://thesauri.dainst.org/_b02158bd,=,0.8835999999999999,https://ark.frantiq.fr/ark:/26678/pcrtJUwAaZ7Nz9,[],[],"[""skos:Concept""]",true,true positive
dhmultiling,idai-pactols_en-en,matcha_new.tar.gz,[],[],"[""skos:Concept""]",http://thesauri.dainst.org/_2c06eae5,=,0.0,https://ark.frantiq.fr/ark:/26678/pcrtJUwAaZ7Nz9,[],[],"[""skos:Concept""]",true,false negative
dhmultiling,idai-pactols_fr-fr,matcha_new.tar.gz,[],[],"[""skos:Concept""]",http://thesauri.dainst.org/_7020590d,=,0.8835999999999999,https://ark.frantiq.fr/ark:/26678/pcrt9PJh9aTXv4,[],[],"[""skos:Concept""]",false,false positive
dhmultiling,idai-pactols_fr-fr,matcha_new.tar.gz,[],[],"[""skos:Concept""]",http://thesauri.dainst.org/_87a30753,=,0.8835999999999999,https://ark.frantiq.fr/ark:/26678/pcrtxKnfzXYMxK,[],[],"[""skos:Concept""]",false,false positive
dhmultiling,idai-pactols_fr-fr,matcha_new.tar.gz,[],[],"[""skos:Concept""]",http://thesauri.dainst.org/_4688b7a6,=,0.8835999999999999,https://ark.frantiq.fr/ark:/26678/pcrtF9P4mbuyGk,[],[],"[""skos:Concept""]",true,true positive
dhmultiling,idai-pactols_fr-fr,matcha_new.tar.gz,[],[],"[""skos:Concept""]",http://thesauri.dainst.org/_d67080ff,=,0.8835999999999999,https://ark.frantiq.fr/ark:/26678/pcrtKei7jxhn32,[],[],"[""skos:Concept""]",false,false positive
dhmultiling,idai-pactols_fr-fr,matcha_new.tar.gz,[],[],"[""skos:Concept""]",http://thesauri.dainst.org/_c40b4a1d,=,0.0,https://ark.frantiq.fr/ark:/26678/pcrtrMvNrtSOHs,[],[],"[""skos:Concept""]",true,false negative
dhmultiling,idai-pactols_fr-fr,matcha_new.tar.gz,[],[],"[""skos:Concept""]",http://thesauri.dainst.org/_2c06eae5,=,0.0,https://ark.frantiq.fr/ark:/26678/pcrtJUwAaZ7Nz9,[],[],"[""skos:Concept""]",true,false negative
dhmultiling,idai-pactols_fr-fr,matcha_new.tar.gz,[],[],"[""skos:Concept""]",http://thesauri.dainst.org/_b02158bd,=,0.0,https://ark.frantiq.fr/ark:/26678/pcrtJUwAaZ7Nz9,[],[],"[""skos:Concept""]",true,false negative
dhmultiling,idai-pactols_it-it,matcha_new.tar.gz,[],[],"[""skos:Concept""]",http://thesauri.dainst.org/_7331ad90,=,0.8835999999999999,https://ark.frantiq.fr/ark:/26678/pcrtSp0Bn88zX1,[],[],"[""skos:Concept""]",false,false positive
dhmultiling,idai-pactols_it-it,matcha_new.tar.gz,[],[],"[""skos:Concept""]",http://thesauri.dainst.org/_fd86e2ca,=,0.8835999999999999,https://ark.frantiq.fr/ark:/26678/pcrtNU9yWjKe6U,[],[],"[""skos:Concept""]",false,false positive
dhmultiling,idai-pactols_it-it,matcha_new.tar.gz,[],[],"[""skos:Concept""]",http://thesauri.dainst.org/_7020590d,=,0.8835999999999999,https://ark.frantiq.fr/ark:/26678/pcrt9PJh9aTXv4,[],[],"[""skos:Concept""]",false,false positive
dhmultiling,idai-pactols_it-it,matcha_new.tar.gz,[],[],"[""skos:Concept""]",http://thesauri.dainst.org/_87a30753,=,0.8835999999999999,https://ark.frantiq.fr/ark:/26678/pcrtxKnfzXYMxK,[],[],"[""skos:Concept""]",false,false positive
dhmultiling,idai-pactols_it-it,matcha_new.tar.gz,[],[],"[""skos:Concept""]",http://thesauri.dainst.org/_3b4ba2e6,=,0.8835999999999999,https://ark.frantiq.fr/ark:/26678/pcrtXGgQa70ZVU,[],[],"[""skos:Concept""]",false,false positive
dhmultiling,idai-pactols_it-it,matcha_new.tar.gz,[],[],"[""skos:Concept""]",http://thesauri.dainst.org/_4688b7a6,=,0.8835999999999999,https://ark.frantiq.fr/ark:/26678/pcrtF9P4mbuyGk,[],[],"[""skos:Concept""]",true,true positive
dhmultiling,idai-pactols_it-it,matcha_new.tar.gz,[],[],"[""skos:Concept""]",http://thesauri.dainst.org/_c40b4a1d,=,0.0,https://ark.frantiq.fr/ark:/26678/pcrtrMvNrtSOHs,[],[],"[""skos:Concept""]",true,false negative
dhmultiling,idai-pactols_it-it,matcha_new.tar.gz,[],[],"[""skos:Concept""]",http://thesauri.dainst.org/_2c06eae5,=,0.8835999999999999,https://ark.frantiq.fr/ark:/26678/pcrtJUwAaZ7Nz9,[],[],"[""skos:Concept""]",true,true positive
dhmultiling,idai-pactols_it-it,matcha_new.tar.gz,[],[],"[""skos:Concept""]",http://thesauri.dainst.org/_b02158bd,=,0.8835999999999999,https://ark.frantiq.fr/ark:/26678/pcrtJUwAaZ7Nz9,[],[],"[""skos:Concept""]",true,true positive
dhmultiling,idai-pactols_it-it,matcha_new.tar.gz,[],[],"[""skos:Concept""]",http://thesauri.dainst.org/_e0531417,=,0.8835999999999999,https://ark.frantiq.fr/ark:/26678/pcrtms2OAv82PY,[],[],"[""skos:Concept""]",false,false positive
dhmultiling,idai-pactols_it-it,matcha_new.tar.gz,[],[],"[""skos:Concept""]",http://thesauri.dainst.org/_79da6a36,=,0.8835999999999999,https://ark.frantiq.fr/ark:/26678/pcrt5MQsnfNDTD,[],[],"[""skos:Concept""]",false,false positive
dhmultiling,idai-pactols_en-fr,matcha_new.tar.gz,[],[],"[""skos:Concept""]",http://thesauri.dainst.org/_7a0e2266,=,0.8119730720099191,https://ark.frantiq.fr/ark:/26678/pcrtQY3u48DUrQ,[],[],"[""skos:Concept""]",false,false positive
dhmultiling,idai-pactols_en-fr,matcha_new.tar.gz,[],[],"[""skos:Concept""]",http://thesauri.dainst.org/_bd4d65a8,=,0.0,https://ark.frantiq.fr/ark:/26678/pcrtgWbicZTgZe,[],[],"[""skos:Concept""]",true,false negative
dhmultiling,idai-pactols_en-fr,matcha_new.tar.gz,[],[],"[""skos:Concept""]",http://thesauri.dainst.org/_4688b7a6,=,0.0,https://ark.frantiq.fr/ark:/26678/pcrtF9P4mbuyGk,[],[],"[""skos:Concept""]",true,false negative
dhmultiling,idai-pactols_en-fr,matcha_new.tar.gz,[],[],"[""skos:Concept""]",http://thesauri.dainst.org/_c40b4a1d,=,0.0,https://ark.frantiq.fr/ark:/26678/pcrtrMvNrtSOHs,[],[],"[""skos:Concept""]",true,false negative
dhmultiling,idai-pactols_en-fr,matcha_new.tar.gz,[],[],"[""skos:Concept""]",http://thesauri.dainst.org/_8b38cf01,=,1.0,https://ark.frantiq.fr/ark:/26678/pcrt0Krn6QJlhU,[],[],"[""skos:Concept""]",true,true positive
dhmultiling,idai-pactols_en-fr,matcha_new.tar.gz,[],[],"[""skos:Concept""]",http://thesauri.dainst.org/_2c06eae5,=,0.0,https://ark.frantiq.fr/ark:/26678/pcrtJUwAaZ7Nz9,[],[],"[""skos:Concept""]",true,false negative
dhmultiling,idai-pactols_en-fr,matcha_new.tar.gz,[],[],"[""skos:Concept""]",http://thesauri.dainst.org/_b02158bd,=,0.0,https://ark.frantiq.fr/ark:/26678/pcrtJUwAaZ7Nz9,[],[],"[""skos:Concept""]",true,false negative
dhmultiling,idai-pactols_en-fr,matcha_new.tar.gz,[],[],"[""skos:Concept""]",http://thesauri.dainst.org/_8d8e446a,=,0.7713747378719301,https://ark.frantiq.fr/ark:/26678/pcrtpbgzj4c0da,[],[],"[""skos:Concept""]",false,false positive
dhmultiling,idai-pactols_de-en,matcha_new.tar.gz,[],[],"[""skos:Concept""]",http://thesauri.dainst.org/_5b640e14,=,0.8521065419707655,https://ark.frantiq.fr/ark:/26678/pcrt9WXX2cWeOQ,[],[],"[""skos:Concept""]",false,false positive
dhmultiling,idai-pactols_de-en,matcha_new.tar.gz,[],[],"[""skos:Concept""]",http://thesauri.dainst.org/_68e1bd31,=,0.0,https://ark.frantiq.fr/ark:/26678/pcrt1FD59O4eTz,[],[],"[""skos:Concept""]",true,false negative
dhmultiling,idai-pactols_de-en,matcha_new.tar.gz,[],[],"[""skos:Concept""]",http://thesauri.dainst.org/_3ec72d64,=,0.0,https://ark.frantiq.fr/ark:/26678/pcrt7UXeYrS8Nb,[],[],"[""skos:Concept""]",true,false negative
dhmultiling,idai-pactols_de-en,matcha_new.tar.gz,[],[],"[""skos:Concept""]",http://thesauri.dainst.org/_61e75561,=,0.8813844162457082,https://ark.frantiq.fr/ark:/26678/pcrtXOuO8FKGbe,[],[],"[""skos:Concept""]",false,false positive
dhmultiling,idai-pactols_de-en,matcha_new.tar.gz,[],[],"[""skos:Concept""]",http://thesauri.dainst.org/_4688b7a6,=,0.0,https://ark.frantiq.fr/ark:/26678/pcrtF9P4mbuyGk,[],[],"[""skos:Concept""]",true,false negative
dhmultiling,idai-pactols_de-en,matcha_new.tar.gz,[],[],"[""skos:Concept""]",http://thesauri.dainst.org/_a9e10cab,=,0.0,https://ark.frantiq.fr/ark:/26678/pcrtp5Wcpmp9I3,[],[],"[""skos:Concept""]",true,false negative
dhmultiling,idai-pactols_de-en,matcha_new.tar.gz,[],[],"[""skos:Concept""]",http://thesauri.dainst.org/_2c06eae5,=,0.0,https://ark.frantiq.fr/ark:/26678/pcrtJUwAaZ7Nz9,[],[],"[""skos:Concept""]",true,false negative
dhmultiling,idai-pactols_de-en,matcha_new.tar.gz,[],[],"[""skos:Concept""]",http://thesauri.dainst.org/_8b38cf01,=,0.0,https://ark.frantiq.fr/ark:/26678/pcrt0Krn6QJlhU,[],[],"[""skos:Concept""]",true,false negative
dhmultiling,idai-pactols_de-en,matcha_new.tar.gz,[],[],"[""skos:Concept""]",http://thesauri.dainst.org/_b02158bd,=,0.0,https://ark.frantiq.fr/ark:/26678/pcrtJUwAaZ7Nz9,[],[],"[""skos:Concept""]",true,false negative
dhmultiling,idai-pactols_de-en,matcha_new.tar.gz,[],[],"[""skos:Concept""]",http://thesauri.dainst.org/_d3b9f438,=,0.0,https://ark.frantiq.fr/ark:/26678/pcrtKZYwYOkWlK,[],[],"[""skos:Concept""]",true,false negative
dhmultiling,idai-pactols_de-en,matcha_new.tar.gz,[],[],"[""skos:Concept""]",http://thesauri.dainst.org/_d321ff61,=,0.0,https://ark.frantiq.fr/ark:/26678/pcrtgWbicZTgZe,[],[],"[""skos:Concept""]",true,false negative
dhmultiling,idai-pactols_de-en,matcha_new.tar.gz,[],[],"[""skos:Concept""]",http://thesauri.dainst.org/_f09b41b4,=,1.0,https://ark.frantiq.fr/ark:/26678/pcrt0Krn6QJlhU,[],[],"[""skos:Concept""]",true,true positive
dhmultiling,idai-pactols_de-en,matcha_new.tar.gz,[],[],"[""skos:Concept""]",http://thesauri.dainst.org/_8b38cf01,=,0.8206180484033345,https://ark.frantiq.fr/ark:/26678/pcrtjMFrjr1utW,[],[],"[""skos:Concept""]",false,false positive
dhmultiling,idai-pactols_de-en,matcha_new.tar.gz,[],[],"[""skos:Concept""]",http://thesauri.dainst.org/_4892310d,=,0.7743768202217769,https://ark.frantiq.fr/ark:/26678/pcrtVhTRix41ic,[],[],"[""skos:Concept""]",false,false positive
dhmultiling,idai-pactols_de-en,matcha_new.tar.gz,[],[],"[""skos:Concept""]",http://thesauri.dainst.org/_bd4d65a8,=,0.0,https://ark.frantiq.fr/ark:/26678/pcrtgWbicZTgZe,[],[],"[""skos:Concept""]",true,false negative
dhmultiling,idai-pactols_de-en,matcha_new.tar.gz,[],[],"[""skos:Concept""]",http://thesauri.dainst.org/_a1f36e1b,=,0.8575487077735052,https://ark.frantiq.fr/ark:/26678/pcrt7UXeYrS8Nb,[],[],"[""skos:Concept""]",false,false positive
dhmultiling,idai-pactols_de-en,matcha_new.tar.gz,[],[],"[""skos:Concept""]",http://thesauri.dainst.org/_dafb0ad8,=,0.0,https://ark.frantiq.fr/ark:/26678/pcrtfOjLfceAZ0,[],[],"[""skos:Concept""]",true,false negative
dhmultiling,idai-pactols_de-en,matcha_new.tar.gz,[],[],"[""skos:Concept""]",http://thesauri.dainst.org/_c40b4a1d,=,0.0,https://ark.frantiq.fr/ark:/26678/pcrtrMvNrtSOHs,[],[],"[""skos:Concept""]",true,false negative
dhmultiling,idai-pactols_de-en,matcha_new.tar.gz,[],[],"[""skos:Concept""]",http://thesauri.dainst.org/_49517e78,=,0.0,https://ark.frantiq.fr/ark:/26678/pcrt36pke8yWxW,[],[],"[""skos:Concept""]",true,false negative
dhmultiling,idai-pactols_de-en,matcha_new.tar.gz,[],[],"[""skos:Concept""]",http://thesauri.dainst.org/_1adf0150,=,0.0,https://ark.frantiq.fr/ark:/26678/pcrtpbgzj4c0da,[],[],"[""skos:Concept""]",true,false negative
dhmultiling,idai-pactols_de-en,matcha_new.tar.gz,[],[],"[""skos:Concept""]",http://thesauri.dainst.org/_af2f2dad,=,0.0,https://ark.frantiq.fr/ark:/26678/pcrtVgXu5JJGUg,[],[],"[""skos:Concept""]",true,false negative
dhmultiling,idai-pactols_de-en,matcha_new.tar.gz,[],[],"[""skos:Concept""]",http://thesauri.dainst.org/_49462e56,=,0.0,https://ark.frantiq.fr/ark:/26678/pcrtVmQTWhdSkJ,[],[],"[""skos:Concept""]",true,false negative
dhmultiling,idai-pactols_de-it,matcha_new.tar.gz,[],[],"[""skos:Concept""]",http://thesauri.dainst.org/_68e1bd31,=,0.0,https://ark.frantiq.fr/ark:/26678/pcrt1FD59O4eTz,[],[],"[""skos:Concept""]",true,false negative
dhmultiling,idai-pactols_de-it,matcha_new.tar.gz,[],[],"[""skos:Concept""]",http://thesauri.dainst.org/_3ec72d64,=,0.0,https://ark.frantiq.fr/ark:/26678/pcrt7UXeYrS8Nb,[],[],"[""skos:Concept""]",true,false negative
dhmultiling,idai-pactols_de-it,matcha_new.tar.gz,[],[],"[""skos:Concept""]",http://thesauri.dainst.org/_b0d469a9,=,0.7551418721805354,https://ark.frantiq.fr/ark:/26678/pcrtXOuO8FKGbe,[],[],"[""skos:Concept""]",false,false positive
dhmultiling,idai-pactols_de-it,matcha_new.tar.gz,[],[],"[""skos:Concept""]",http://thesauri.dainst.org/_4688b7a6,=,0.0,https://ark.frantiq.fr/ark:/26678/pcrtF9P4mbuyGk,[],[],"[""skos:Concept""]",true,false negative
dhmultiling,idai-pactols_de-it,matcha_new.tar.gz,[],[],"[""skos:Concept""]",http://thesauri.dainst.org/_a9e10cab,=,0.0,https://ark.frantiq.fr/ark:/26678/pcrtp5Wcpmp9I3,[],[],"[""skos:Concept""]",true,false negative
dhmultiling,idai-pactols_de-it,matcha_new.tar.gz,[],[],"[""skos:Concept""]",http://thesauri.dainst.org/_2c06eae5,=,0.0,https://ark.frantiq.fr/ark:/26678/pcrtJUwAaZ7Nz9,[],[],"[""skos:Concept""]",true,false negative
dhmultiling,idai-pactols_de-it,matcha_new.tar.gz,[],[],"[""skos:Concept""]",http://thesauri.dainst.org/_8b38cf01,=,0.0,https://ark.frantiq.fr/ark:/26678/pcrt0Krn6QJlhU,[],[],"[""skos:Concept""]",true,false negative
dhmultiling,idai-pactols_de-it,matcha_new.tar.gz,[],[],"[""skos:Concept""]",http://thesauri.dainst.org/_b02158bd,=,0.0,https://ark.frantiq.fr/ark:/26678/pcrtJUwAaZ7Nz9,[],[],"[""skos:Concept""]",true,false negative
dhmultiling,idai-pactols_de-it,matcha_new.tar.gz,[],[],"[""skos:Concept""]",http://thesauri.dainst.org/_d3b9f438,=,0.0,https://ark.frantiq.fr/ark:/26678/pcrtKZYwYOkWlK,[],[],"[""skos:Concept""]",true,false negative
dhmultiling,idai-pactols_de-it,matcha_new.tar.gz,[],[],"[""skos:Concept""]",http://thesauri.dainst.org/_d321ff61,=,0.8795895132238974,https://ark.frantiq.fr/ark:/26678/pcrtgWbicZTgZe,[],[],"[""skos:Concept""]",true,true positive
dhmultiling,idai-pactols_de-it,matcha_new.tar.gz,[],[],"[""skos:Concept""]",http://thesauri.dainst.org/_f09b41b4,=,1.0,https://ark.frantiq.fr/ark:/26678/pcrt0Krn6QJlhU,[],[],"[""skos:Concept""]",true,true positive
dhmultiling,idai-pactols_de-it,matcha_new.tar.gz,[],[],"[""skos:Concept""]",http://thesauri.dainst.org/_bd4d65a8,=,0.0,https://ark.frantiq.fr/ark:/26678/pcrtgWbicZTgZe,[],[],"[""skos:Concept""]",true,false negative
dhmultiling,idai-pactols_de-it,matcha_new.tar.gz,[],[],"[""skos:Concept""]",http://thesauri.dainst.org/_a1f36e1b,=,0.8575487077735052,https://ark.frantiq.fr/ark:/26678/pcrt7UXeYrS8Nb,[],[],"[""skos:Concept""]",false,false positive
dhmultiling,idai-pactols_de-it,matcha_new.tar.gz,[],[],"[""skos:Concept""]",http://thesauri.dainst.org/_dafb0ad8,=,0.0,https://ark.frantiq.fr/ark:/26678/pcrtfOjLfceAZ0,[],[],"[""skos:Concept""]",true,false negative
dhmultiling,idai-pactols_de-it,matcha_new.tar.gz,[],[],"[""skos:Concept""]",http://thesauri.dainst.org/_c40b4a1d,=,0.0,https://ark.frantiq.fr/ark:/26678/pcrtrMvNrtSOHs,[],[],"[""skos:Concept""]",true,false negative
dhmultiling,idai-pactols_de-it,matcha_new.tar.gz,[],[],"[""skos:Concept""]",http://thesauri.dainst.org/_49517e78,=,0.0,https://ark.frantiq.fr/ark:/26678/pcrt36pke8yWxW,[],[],"[""skos:Concept""]",true,false negative
dhmultiling,idai-pactols_de-it,matcha_new.tar.gz,[],[],"[""skos:Concept""]",http://thesauri.dainst.org/_f0feb0f6,=,0.7673529257669931,https://ark.frantiq.fr/ark:/26678/pcrt3S7lIydczN,[],[],"[""skos:Concept""]",false,false positive
dhmultiling,idai-pactols_de-it,matcha_new.tar.gz,[],[],"[""skos:Concept""]",http://thesauri.dainst.org/_1adf0150,=,0.0,https://ark.frantiq.fr/ark:/26678/pcrtpbgzj4c0da,[],[],"[""skos:Concept""]",true,false negative
dhmultiling,idai-pactols_de-it,matcha_new.tar.gz,[],[],"[""skos:Concept""]",http://thesauri.dainst.org/_af2f2dad,=,0.0,https://ark.frantiq.fr/ark:/26678/pcrtVgXu5JJGUg,[],[],"[""skos:Concept""]",true,false negative
dhmultiling,idai-pactols_de-it,matcha_new.tar.gz,[],[],"[""skos:Concept""]",http://thesauri.dainst.org/_49462e56,=,0.0,https://ark.frantiq.fr/ark:/26678/pcrtVmQTWhdSkJ,[],[],"[""skos:Concept""]",true,false negative
